Model,Test_Loss,Test_Accuracy
Efficient_model,0.4005282521247864,0.8562945127487183
InceptionResNetV2,0.46166476607322693,0.8444180488586426
MobileNet,0.3526475727558136,0.8693586587905884
Resnet152V2,0.3437980115413666,0.8812351822853088
ResNet50,0.35780060291290283,0.8812351822853088
VGG16,0.511555016040802,0.8396674394607544
VGG19,0.500884473323822,0.8456056714057922
Xception,0.4909912943840027,0.8467933535575867
