{"Test Loss": 0.47453445196151733, "Test Accuracy": 0.8420427441596985}