{"Test Loss": 0.4005282521247864, "Test Accuracy": 0.8562945127487183}