{"Test Loss": 0.44927871227264404, "Test Accuracy": 0.8396674394607544}