{"Test Loss": 0.3437980115413666, "Test Accuracy": 0.8812351822853088}