{"Test Loss": 0.46166476607322693, "Test Accuracy": 0.8444180488586426}