{"Test Loss": 0.3526475727558136, "Test Accuracy": 0.8693586587905884}