{"Test Loss": 0.35780060291290283, "Test Accuracy": 0.8812351822853088}