{"Test Loss": 0.511555016040802, "Test Accuracy": 0.8396674394607544}