{"Test Loss": 0.500884473323822, "Test Accuracy": 0.8456056714057922}