  {"Test Loss": 0.4909912943840027, "Test Accuracy": 0.8467933535575867}